likeNum,url
1,http://www.jianshu.com/p/dc3c951568cc
1,http://www.jianshu.com/p/1172711c0761
3,http://www.jianshu.com/p/c38e55c83ff3
2,http://www.jianshu.com/p/d07f5b441f44
1,http://www.jianshu.com/p/01c755b9976e#comments
0,http://www.jianshu.com/p/57f59c1d09b3
0,http://www.jianshu.com/p/eb86cdb3aa80#comments
0,http://www.jianshu.com/p/dec09b4c6c23
0,http://www.jianshu.com/p/d656b27e475e
1,http://www.jianshu.com/p/28cd5b5592e7
0,http://www.jianshu.com/p/a5772b327fea
0,http://www.jianshu.com/p/bd0b1ecbdee1
2,http://www.jianshu.com/p/6aff6190cdd6
0,http://www.jianshu.com/p/5b213073c6cd#comments
0,http://www.jianshu.com/p/54bb4c5d0674
0,http://www.jianshu.com/p/dbdf687cf8a1
0,http://www.jianshu.com/p/725f479d91a1
0,http://www.jianshu.com/p/96b488b75500
0,http://www.jianshu.com/p/388e4ec7eebd
0,http://www.jianshu.com/p/e6dc40983d60
url,likeNum
http://www.jianshu.com/p/dc3c951568cc,1
http://www.jianshu.com/p/1172711c0761,1
http://www.jianshu.com/p/c38e55c83ff3,3
http://www.jianshu.com/p/d07f5b441f44,2
http://www.jianshu.com/p/01c755b9976e#comments,1
http://www.jianshu.com/p/57f59c1d09b3,0
http://www.jianshu.com/p/eb86cdb3aa80#comments,0
http://www.jianshu.com/p/dec09b4c6c23,0
http://www.jianshu.com/p/d656b27e475e,0
http://www.jianshu.com/p/28cd5b5592e7,1
http://www.jianshu.com/p/a5772b327fea,0
http://www.jianshu.com/p/bd0b1ecbdee1,0
http://www.jianshu.com/p/6aff6190cdd6,2
http://www.jianshu.com/p/5b213073c6cd#comments,0
http://www.jianshu.com/p/54bb4c5d0674,0
http://www.jianshu.com/p/dbdf687cf8a1,0
http://www.jianshu.com/p/725f479d91a1,0
http://www.jianshu.com/p/96b488b75500,0
http://www.jianshu.com/p/388e4ec7eebd,0
http://www.jianshu.com/p/e6dc40983d60,0
